codigo,stock_actual,stock_min,stock_max,ubicacion,lote
"VT-6MM-001",125,50,500,"A-01-15","LT-2024-001"
"AL-NAT-001",320,100,1000,"B-02-08","LT-2024-002"
"VL-8MM-001",85,30,300,"A-03-22","LT-2024-003"
"HE-PREM-001",450,200,2000,"C-01-10","LT-2024-004"
"VT-10MM-001",75,25,250,"A-01-16","LT-2024-005"
"AL-ANO-001",180,80,800,"B-02-09","LT-2024-006"
"VL-6MM-001",95,40,400,"A-03-23","LT-2024-007"
"HE-EST-001",850,300,3000,"C-01-11","LT-2024-008"