codigo,precio_base,costo,descuento,fecha_vigencia
"VT-6MM-001",350.00,210.00,0.0,"2024-02-01"
"AL-NAT-001",145.50,87.30,5.0,"2024-02-01"
"VL-8MM-001",520.00,312.00,0.0,"2024-02-01"
"HE-PREM-001",89.50,45.20,10.0,"2024-02-01"
"VT-10MM-001",450.00,280.00,0.0,"2024-02-01"
"AL-ANO-001",185.50,115.30,8.0,"2024-02-01"
"VL-6MM-001",420.00,252.00,0.0,"2024-02-01"
"HE-EST-001",65.50,32.20,15.0,"2024-02-01"